id,name,description,assignedto,duedate,status
2,Fa jer,Adv. shooting,Jer Lai,29/5/2021,Confirmed
1,Fa jer,Adv. shooting,Jer Lai,2021-08-25,pending
2,Fa jer,Photo shooting,Error,2021-08-25,pending

3,Fa jer,Adv. shooting,Jer Lai,2021-08-25,pending
4,Fa jer,Adv. shooting,Jer Lai,2021-08-25,pending
5,fweewfwf,fewfef,fefw,2021-08-26,fewfe
6,aaaaaa,aaaaaa,aaaaaa,2021-08-25,aaaaaa
7,aaaaaa,aaaaaa,aaaaaa,2021-08-25,aaaaaa
8,aaaaaa,aaaaaa,aaaaaa,2021-08-26,aaaaaa
9,aaaa,aaaa,aaaa,2021-08-25,aaaaaaaa
10,returnedWord,returnedWord,returnedWord,2021-08-25,returnedWord^returnedWord
11,aaa,aaa,aaa,2021-08-26,aaa‚ç™aaa